Reference,Quantity,Value,Manufacturer,MPN,Footprint,Side,Datasheet,Notes
BZ1,1,Buzzer,,,Buzzer_Beeper:Buzzer_D14mm_H7mm_P10mm,Front,,Exact ordering code not supplied; verify mechanical drawing against footprint before fabrication.
C1,1,100nF,,,dashboard:C_0603_1608Metric,Back,https://cdn.sparkfun.com/assets/8/a/4/a/5/Kemet_Capacitor_Datasheet.pdf,
C2,1,100nF,,,dashboard:C_0603_1608Metric,Back,https://cdn.sparkfun.com/assets/8/a/4/a/5/Kemet_Capacitor_Datasheet.pdf,
C3,1,680uF,Panasonic,EEUFR1A681,Capacitor_THT:CP_Radial_D8.0mm_P3.50mm,Back,https://industrial.panasonic.com/ww/products/pt/aluminum-cap-lead/models/EEUFR1A681,
C4,1,220uF,Panasonic,EEUFR1A221,Capacitor_THT:CP_Radial_D6.3mm_P2.50mm,Back,https://industrial.panasonic.com/ww/products/pt/aluminum-cap-lead/models/EEUFR1A221,
D1,1,LED_ABGR,,,"TerminalBlock_Phoenix:TerminalBlock_Phoenix_PT-1,5-4-3.5-H_1x04_P3.50mm_Horizontal",Front,,3.5 mm pitch; match Phoenix PT-1.5 horizontal footprint.
D2,1,LED_ABGR,,,"TerminalBlock_Phoenix:TerminalBlock_Phoenix_PT-1,5-4-3.5-H_1x04_P3.50mm_Horizontal",Front,,3.5 mm pitch; match Phoenix PT-1.5 horizontal footprint.
D3,1,LED_ABGR,,,"TerminalBlock_Phoenix:TerminalBlock_Phoenix_PT-1,5-4-3.5-H_1x04_P3.50mm_Horizontal",Front,,3.5 mm pitch; match Phoenix PT-1.5 horizontal footprint.
D4,1,LED_ABGR,,,"TerminalBlock_Phoenix:TerminalBlock_Phoenix_PT-1,5-4-3.5-H_1x04_P3.50mm_Horizontal",Front,,3.5 mm pitch; match Phoenix PT-1.5 horizontal footprint.
D5,1,LED_ABGR,,,"TerminalBlock_Phoenix:TerminalBlock_Phoenix_PT-1,5-4-3.5-H_1x04_P3.50mm_Horizontal",Front,,3.5 mm pitch; match Phoenix PT-1.5 horizontal footprint.
D6,1,LED,,,"TerminalBlock_Phoenix:TerminalBlock_Phoenix_PT-1,5-2-3.5-H_1x02_P3.50mm_Horizontal",Front,,3.5 mm pitch; match Phoenix PT-1.5 horizontal footprint.
D7,1,SS34,Vishay,SS34-M3/57T,Diode_SMD:D_SMC,Back,https://www.vishay.com/docs/88751/ss32.pdf,
J1,1,I2C,,,dashboard:I2C_Header_1x04,Front,,
J2,1,USB_A,,,dashboard:USB_A_SparkFun_Numbered,Front,,"Exact ordering code not supplied; verify mechanical drawing against footprint before fabrication. Custom 3.3 V output, not standard 5 V USB."
J3,1,Screw_Cage_3.5mm-10,,,dashboard:TerminalBlock_1x10_3p5,Front,https://cdn.sparkfun.com/assets/b/9/7/3/6/19854.pdf,Exact ordering code not supplied; verify mechanical drawing against footprint before fabrication.
L1,1,33uH,Bourns,SRR1260-330M,Inductor_SMD:L_Bourns_SRR1260,Back,https://www.bourns.com/docs/product-datasheets/srr1260.pdf,
R1,1,470,,,dashboard:R_0402_1005Metric,Front,https://www.vishay.com/docs/20035/dcrcwe3.pdf,
R2,1,470,,,dashboard:R_0402_1005Metric,Front,https://www.vishay.com/docs/20035/dcrcwe3.pdf,
R3,1,470,,,dashboard:R_0402_1005Metric,Front,https://www.vishay.com/docs/20035/dcrcwe3.pdf,
R4,1,470,,,dashboard:R_0402_1005Metric,Front,https://www.vishay.com/docs/20035/dcrcwe3.pdf,
R5,1,470,,,dashboard:R_0402_1005Metric,Front,https://www.vishay.com/docs/20035/dcrcwe3.pdf,
R6,1,680,,,dashboard:R_0402_1005Metric,Front,https://www.vishay.com/docs/20035/dcrcwe3.pdf,
R7,1,680,,,dashboard:R_0402_1005Metric,Front,https://www.vishay.com/docs/20035/dcrcwe3.pdf,
R8,1,680,,,dashboard:R_0402_1005Metric,Front,https://www.vishay.com/docs/20035/dcrcwe3.pdf,
R9,1,680,,,dashboard:R_0402_1005Metric,Front,https://www.vishay.com/docs/20035/dcrcwe3.pdf,
R10,1,680,,,dashboard:R_0402_1005Metric,Front,https://www.vishay.com/docs/20035/dcrcwe3.pdf,
R11,1,1.24k,,,dashboard:R_0603_1608Metric,Front,https://www.vishay.com/docs/20035/dcrcwe3.pdf,
R12,1,1.24k,,,dashboard:R_0603_1608Metric,Front,https://www.vishay.com/docs/20035/dcrcwe3.pdf,
R13,1,1.24k,,,dashboard:R_0603_1608Metric,Front,https://www.vishay.com/docs/20035/dcrcwe3.pdf,
R14,1,1.24k,,,dashboard:R_0603_1608Metric,Front,https://www.vishay.com/docs/20035/dcrcwe3.pdf,
R15,1,1.24k,,,dashboard:R_0603_1608Metric,Front,https://www.vishay.com/docs/20035/dcrcwe3.pdf,
R16,1,1.24k,,,dashboard:R_0603_1608Metric,Front,https://www.vishay.com/docs/20035/dcrcwe3.pdf,
R17,1,1k,,,dashboard:R_0402_1005Metric,Back,https://www.vishay.com/docs/20035/dcrcwe3.pdf,
U1,1,74HCT595DB,Nexperia,74HCT595DB,Package_SO:SSOP-16_5.3x6.2mm_P0.65mm,Back,https://www.nexperia.com/product/74HCT595DB,
U2,1,74HCT595DB,Nexperia,74HCT595DB,Package_SO:SSOP-16_5.3x6.2mm_P0.65mm,Back,https://www.nexperia.com/product/74HCT595DB,
U3,1,XIAO-Add-On,,,dashboard:XIAO_ESP32_C3,Front,,
U4,1,LM2596S-3.3,Texas Instruments,LM2596S-3.3,Package_TO_SOT_SMD:TO-263-5_TabPin3,Back,http://www.ti.com/lit/ds/symlink/lm2596.pdf,
