Ref,Val,Package,PosX,PosY,Rot,Side
"C1","100nF","C_0603_1608Metric",90.000000,-59.500000,0.000000,bottom
"C2","100nF","C_0603_1608Metric",91.000000,-80.500000,0.000000,bottom
"C3","680uF","CP_Radial_D8.0mm_P3.50mm",77.000000,-79.500000,0.000000,bottom
"C4","220uF","CP_Radial_D6.3mm_P2.50mm",54.000000,-60.500000,0.000000,bottom
"D7","SS34","D_SMC",70.350000,-79.700000,-90.000000,bottom
"L1","33uH","L_Bourns_SRR1260",60.000000,-70.700000,180.000000,bottom
"R17","1k","R_0402_1005Metric",86.000000,-87.000000,90.000000,bottom
"U1","74HCT595DB","SSOP-16_5.3x6.2mm_P0.65mm",93.000000,-64.500000,180.000000,bottom
"U2","74HCT595DB","SSOP-16_5.3x6.2mm_P0.65mm",94.000000,-85.500000,180.000000,bottom
"U4","LM2596S-3.3","TO-263-5_TabPin3",78.000000,-69.000000,0.000000,bottom
"BZ1","Buzzer","Buzzer_D14mm_H7mm_P10mm",85.000000,-80.000000,0.000000,top
"D1","LED_ABGR","TerminalBlock_Phoenix_PT-1,5-4-3.5-H_1x04_P3.50mm_Horizontal",64.000000,-55.300000,180.000000,top
"D2","LED_ABGR","TerminalBlock_Phoenix_PT-1,5-4-3.5-H_1x04_P3.50mm_Horizontal",79.500000,-55.300000,180.000000,top
"D3","LED_ABGR","TerminalBlock_Phoenix_PT-1,5-4-3.5-H_1x04_P3.50mm_Horizontal",95.000000,-55.300000,180.000000,top
"D4","LED_ABGR","TerminalBlock_Phoenix_PT-1,5-4-3.5-H_1x04_P3.50mm_Horizontal",110.500000,-55.300000,180.000000,top
"D5","LED_ABGR","TerminalBlock_Phoenix_PT-1,5-4-3.5-H_1x04_P3.50mm_Horizontal",53.000000,-94.700000,0.000000,top
"D6","LED","TerminalBlock_Phoenix_PT-1,5-2-3.5-H_1x02_P3.50mm_Horizontal",69.000000,-94.700000,0.000000,top
"J1","I2C","I2C_Header_1x04",56.000000,-85.800000,0.000000,top
"J2","USB_A","USB_A_SparkFun_Numbered",112.600000,-70.500000,180.000000,top
"J3","Screw_Cage_3.5mm-10","TerminalBlock_1x10_3p5",98.500000,-94.700000,0.000000,top
"R1","470","R_0402_1005Metric",58.500000,-60.500000,90.000000,top
"R2","470","R_0402_1005Metric",73.000000,-60.500000,90.000000,top
"R3","470","R_0402_1005Metric",88.500000,-60.500000,90.000000,top
"R4","470","R_0402_1005Metric",104.000000,-60.500000,90.000000,top
"R5","470","R_0402_1005Metric",55.500000,-89.400000,90.000000,top
"R6","680","R_0402_1005Metric",62.000000,-60.500000,90.000000,top
"R7","680","R_0402_1005Metric",76.500000,-60.500000,90.000000,top
"R8","680","R_0402_1005Metric",92.000000,-60.500000,90.000000,top
"R9","680","R_0402_1005Metric",107.500000,-60.500000,90.000000,top
"R10","680","R_0402_1005Metric",59.000000,-89.400000,90.000000,top
"R11","1.24k","R_0603_1608Metric",65.500000,-60.500000,90.000000,top
"R12","1.24k","R_0603_1608Metric",80.000000,-60.500000,90.000000,top
"R13","1.24k","R_0603_1608Metric",95.500000,-60.500000,90.000000,top
"R14","1.24k","R_0603_1608Metric",111.000000,-60.500000,90.000000,top
"R15","1.24k","R_0603_1608Metric",62.500000,-89.400000,90.000000,top
"R16","1.24k","R_0603_1608Metric",69.500000,-89.400000,90.000000,top
"U3","XIAO-Add-On","XIAO_ESP32_C3",73.100000,-81.000000,90.000000,top
