id,x,y,drill,net
V01,22.2756,1.548,1.0,GND
V02,29.6694,4.0816,1.0,Net-(D6-K)
V03,27.3279,4.7945,1.0,Net-(U1-SRCLK)
V04,11.905,5.7655,1.0,Net-(U1-SRCLK)
V05,7.5433,6.4171,1.0,GND
V06,33.7756,12.9732,1.0,Net-(U2-QG)
V07,29.5483,13.9372,1.0,Net-(D6-K)
V08,16.5529,13.975,1.0,GND
V09,26.5652,15.3819,1.0,Net-(U1-SRCLK)
V10,6.637,16.9786,1.0,Net-(U1-QC)
V11,13.175,17.4649,1.0,Net-(U1-QH)
V12,18.0612,17.8087,1.0,Net-(U1-QH)
V13,33.8823,22.1818,1.0,Net-(U1-SER)
V14,40.8006,22.6788,1.0,Net-(D6-K)
V15,5.741,22.8286,1.0,Net-(U1-SER)
V16,42.5733,24.2104,1.0,Net-(U2-QG)
V17,13.077,28.2573,1.0,Net-(D2-RK)
V18,18.0158,28.9713,1.0,Net-(U1-QG)
V19,22.0655,29.1989,1.0,Net-(U1-QG)
V20,11.6253,30.5073,1.0,Net-(U1-QE)
V21,40.8098,30.8492,1.0,Net-(U2-QG)
V22,19.1207,32.8667,1.0,Net-(U1-QE)
V23,5.5,41.1979,1.0,Net-(U1-QC)
V24,43.88,41.2434,1.0,Net-(U2-QG)
V25,39.9524,41.4676,1.0,Net-(U1-SRCLK)
V26,33.2513,41.7638,1.0,Net-(U1-SER)
V27,38.7148,44.9729,1.0,Net-(U1-SRCLK)
V28,24.0142,65.8867,1.0,Net-(U3-D2)
V29,28.2456,66.3059,1.0,Net-(U1-RCLK)
V30,23.8935,68.233,1.0,5V
